USITEID,YSITEID,SITECODE,REGION,lon,lat,MONTH,YEAR,SURVEY,ANNUAL,COUNTRY,REGION,DISTRICT,COMMUNITY,USWBTYPE,WBFLOW,HUMAN,RAMSAR,ENDEM_CASE,ENDEM_DIST,BU_2003,BU_2004,BU_2005,BU_2006,BU_2007,BU_TOTAL,Soil Type,FTemp,FSPECCOND,LELECTCOND,FDO,FPH,LPH,ORP,FTURB,LTURB,CHLORO,COLORAP,SUSSOLIDS,DISSOLIDS,NA,K,CA,MG,FE,CL,SO4,PO4P,MN,NO2N,NO3N,TOTHARD,TOTALK,CALHARD,MAGHARD,HCO3,AS,NH4,F,NF.ER.(N),NF.ER.NoPos(N),NF.ER.Positivity,NF.NoforVNTR,NF.VNTR.MU(N),NF.VNTR.MU.NoPos(N),NF.VNTR.Positivity(MU),NF.Total.MU.Positivity,NF.VNTR.MPM(N),NF.VNTR.NoPos.MPM(N),NF.VNTR.Positivity(MPM),NF.Total.MPM.Positivity,FF.ER(N),FF.ER.NoPos(N),FF.ER.Positivity,FF.NoforVNTR,FF.VNTR.MU(N),FF.VNTR.MU.NoPos(N),FF.VNTR.Positivity(MU),FF.Total.MU.Positivity,FF.VNTR.MPM(N),FFVNTR.NoPos.MPM(N),FF.VNTR.Positivity(MPM),FF.Total.MPM.Positivity,Plant.A,Plant.B,Plant.C,A.ER,B.ER,C.ER,ER(N),Plant.ER.NoPos(N),Plant.ER.Positivity,MU.A.VNTR,MU.B.VNTR,MU.C.VNTR,Plant.MU.VNTR(N),Plant.MU.VNTR.NoPos(N),Plant.MU.VNTR.Positivity,Plant.Total.MU.Positivity,MPM.A.VNTR,MPM.B.VNTR,MPM.C.VNTR,MPM.VNTR.(N),Plant.MPM.VNTR.NoPos(N),Plant.MPM.VNTR.Positivity,Plant.Total.MPM.Positivity,Avg.MU.Total.VNTR.Positivity,Total.MU.Present.(VNTR),Avg.MPM.Total.VNTR.Positivity,Total.MPM.Present.(VNTR),Avg.Filter.VNTR.MU,Avg.Filter.VNTR.MPM,Filter.MU.Present.(VNTR),Plant.MU.Present.(VNTR),Filter.MPM.Present.(VNTR),Plant.MPM.Present.(VNTR),Total.ER.Present,Total.ER.NoPos(N),Avg.Total.ER.Positivity
S.5.1,1,DAW-ADU-N-0805-1,Accra,-0.06449,5.90346,8,2005,Survey,Annual,Ghana,Accra,Dangme West,Adumanya,pond,lentic,human,2,N,N,0,0,0,0,0,0,Chromic Vertisols,26.9,634.0,634,93.2,6.9,7.1,117.0,249.90,88.70,31.4,100,150,349,50,18,44.9,13.6,0.2,60.5,3.6,0.000,0.151,0.575,0.004,168.0,236.0,112.0,55.8,288.0,1.21,NA,NA,8,0,0.00,8,0,0,NA,0.00,0,0,NA,0.00,5,3,0.60,5,3,0,0.00,0.00,3,0,0.00,0.00,NA,NA,NA,NA,NA,NA,NA,NA,NA,NA,NA,NA,NA,NA,NA,NA,NA,NA,NA,NA,NA,NA,NA,#VALUE!,0,#VALUE!,0,0.00,0.00,0,NA,0,NA,1,#VALUE!,#VALUE!
S.5.4,4,DAW-AFI-N-0805-4,Accra,-0.00954,5.7972,8,2005,Survey,Annual,Ghana,Accra,Dangme West,Afienya,river,lotic,nature,M,N,N,0,0,0,0,0,0,Ferric Acrisols,25.8,143.3,222,35.0,7.0,6.7,84.8,13.16,178.00,12.6,180,229,122,29,2,7.2,1.0,6.0,17.9,35.3,0.018,0.030,0.121,0.477,22.0,24.0,18.0,4.0,29.3,15.90,NA,NA,8,5,0.63,7,4,0,0.00,0.00,4,2,0.50,0.29,5,5,1.00,5,5,0,0.00,0.00,5,0,0.00,0.00,NA,NA,NA,NA,NA,NA,NA,NA,NA,NA,NA,NA,NA,NA,NA,NA,NA,NA,NA,NA,NA,NA,NA,#VALUE!,0,#VALUE!,1,0.00,0.14,0,NA,1,NA,1,#VALUE!,#VALUE!
S.5.5,5,DAW-ABB-N-0805-5,Accra,-0.03986,5.78635,8,2005,Survey,Annual,Ghana,Accra,Dangme West,Abbeypanya,lake/reservoir,lentic,human,6,N,N,0,0,0,0,0,0,Ferric Acrisols,26.8,163.4,185,87.4,7.4,6.7,119.0,12.48,19.10,12.9,40,82,102,7,3,8.0,4.9,0.6,5.0,5.5,0.000,0.075,0.011,0.055,40.0,46.0,20.0,20.0,56.1,0.04,NA,NA,8,4,0.50,6,3,0,0.00,0.00,3,0,0.00,0.00,5,0,0.00,5,0,0,NA,0.00,0,0,NA,0.00,NA,NA,NA,NA,NA,NA,NA,NA,NA,NA,NA,NA,NA,NA,NA,NA,NA,NA,NA,NA,NA,NA,NA,#VALUE!,0,#VALUE!,0,0.00,0.00,0,NA,0,NA,1,#VALUE!,#VALUE!
S.5.8,9,GAW-AFU-E-0805-9,Accra,-0.35761,5.63174,8,2005,Survey,Annual,Ghana,Accra,Ga West,Afuaman,river,lotic,nature,TP,E,E,5,7,4,1,0,17,Ferric Acrisols,25.5,533.1,553,2.2,7.1,7.1,60.9,0.11,5.48,13.0,5,10,304,45,4,28.1,12.1,0.1,64.5,12.5,0.000,0.061,0.030,0.116,120.0,120.0,70.1,49.9,146.0,0.02,NA,NA,8,1,0.13,5,2,0,0.00,0.00,2,0,0.00,0.00,5,0,0.00,5,0,0,NA,0.00,0,0,NA,0.00,NA,NA,NA,NA,NA,NA,NA,NA,NA,NA,NA,NA,NA,NA,NA,NA,NA,NA,NA,NA,NA,NA,NA,#VALUE!,0,#VALUE!,0,0.00,0.00,0,NA,0,NA,1,#VALUE!,#VALUE!
S.5.9,10,GAW-WEI-E-0805-10,Accra,-0.38503,5.54826,8,2005,Survey,Annual,Ghana,Accra,Ga West,Weija,lake/reservoir,lentic,human,6,E,E,0,0,0,0,1,1,Chromic Vertisols,26.0,354.8,409,101.5,8.5,7.5,41.1,7.18,10.80,20.6,15,15,225,49,5,17.6,13.1,0.0,78.4,8.6,0.000,0.021,0.246,0.027,98.0,108.0,44.0,54.0,132.0,0.41,NA,NA,8,2,0.25,7,1,0,0.00,0.00,1,0,0.00,0.00,5,1,0.20,5,1,0,0.00,0.00,1,0,0.00,0.00,NA,NA,NA,NA,NA,NA,NA,NA,NA,NA,NA,NA,NA,NA,NA,NA,NA,NA,NA,NA,NA,NA,NA,#VALUE!,0,#VALUE!,0,0.00,0.00,0,NA,0,NA,1,#VALUE!,#VALUE!
S.6.23,23,GAW-KOT-E-0706-23,Accra,-0.35399,5.74113,7,2006,Survey,Annual,Ghana,Accra,Ga West,Kotoku,pond,lentic,human,2,E,E,2,0,3,1,5,11,Orthic Acrisols,27.0,266.2,250,5.7,6.7,6.3,51.5,10.3,33.7,13.6,70,57,138,NA,NA,11.2,3.9,4.1,35.7,1.2,0.159,1.350,0.001,0.287,44.0,70.0,28.1,15.9,85.4,0.004,0.629,0.231,6,0,0.00,6,0,0,NA,0.00,0,0,NA,0.00,6,0,0.00,6,0,0,NA,0.00,0,0,NA,0.00,Pistia,Grasses,Detritus,1,1,1,3,3,1.00,0,0,0,3,0,0.00,0.00,0,1,1,3,2,0.67,0.67,0.00,0,0.22,1,0.00,0.00,0,0,0,1,1,3,0.33
S.6.26,26,GAW-SAR-E-0706-26,Accra,-0.31503,5.72143,7,2006,Survey,N,Ghana,Accra,Ga West,Sarpeiman,pond,lentic,nature,TP,E,E,2,1,2,0,0,5,Orthic Acrisols,27.1,138.4,141,21.9,6.8,6.4,84.2,12.8,12.2,8.0,30,16,77.6,NA,NA,8.8,1.9,1.2,149.0,8.5,0.083,0.553,0.010,0.431,30.0,46.0,22.0,8.0,56.1,0.005,0.456,0.304,6,0,0.00,6,0,0,NA,0.00,0,0,NA,0.00,6,0,0.00,6,0,0,NA,0.00,0,0,NA,0.00,Ludwigia,Nymphaea,Detritus,1,0,1,3,2,0.67,0,NA,0,2,0,0.00,0.00,0,NA,0,2,0,0.00,0.00,0.00,0,0.00,0,0.00,0.00,0,0,0,0,1,2,0.22
S.6.30,30,GAE-ADI-E-0706-30,Accra,-0.08992,5.79435,7,2006,Survey,Annual,Ghana,Accra,Ga East,Adigon,pond,lentic,human,6,N,N,0,0,0,0,0,0,Ferric Acrisols,32.0,67.0,67.7,94.7,7.5,6.5,135.3,49.0,64,4.5,90,35,37.2,NA,NA,4.8,1.9,0.4,1.0,0.5,0.133,0.155,0.008,1.060,20.0,1.0,12.0,8.0,1.2,0.004,0.462,0.005,6,0,0.00,6,0,0,NA,0.00,0,0,NA,0.00,6,0,0.00,6,0,0,NA,0.00,0,0,NA,0.00,Ludwigia,Unknown S,Detritus,0,0,1,3,1,0.33,NA,NA,0,1,0,0.00,0.00,NA,NA,0,1,0,0.00,0.00,0.00,0,0.00,0,0.00,0.00,0,0,0,0,1,1,0.11
S.7.1,1,GAE-OTI-N-0807-1,Accra,-0.14367,5.78896,8,2007,Survey,N,Ghana,Accra,Ga East,Otinibi,wetland,lentic,human,6,N,N,0,0,0,0,NA,0,Chromic Vertisols,26.5,201.7,197.0,27.9,6.8,6.8,71.5,13.5,3.49,36.337,5,36,108,23.8,14.5,12.8,2.4,0.102,21.8,12.3,0.445,0.004,0.047,1.09,42,68,32.1,9.9,83,NA,0.0005,0.0025,5,0,0.00,5,0,0,NA,0.00,0,0,NA,0.00,5,0,0.00,5,0,0,NA,0.00,0,0,NA,0.00,Ludwigia,Typha,Pistia,0,0,0,3,0,0.00,NA,NA,NA,0,0,NA,0.00,NA,NA,NA,0,0,NA,0.00,0.00,0,0.00,0,0.00,0.00,0,0,0,0,0,0,0.00
S.7.2,2,GAE-DAN-N-0807-2,Accra,-0.16362,5.78762,8,2007,Survey,N,Ghana,Accra,Ga East,Danfa,pond,lentic,human,6,N,N,0,0,0,0,NA,0,Chromic Vertisols,28.0,196.0,1.4,134.8,8.7,7.0,126.1,28.3,16.8,47.916,5,41,78.7,13.6,13.5,15.2,6.3,0.217,11.9,15.1,0.429,0.075,0.02,0.345,64,86,38.1,25.9,105,NA,0.0005,0.0025,5,1,0.20,5,1,0,0.00,0.00,1,0,0.00,0.00,5,0,0.00,5,0,0,NA,0.00,0,0,NA,0.00,Brachiaria,Paspallum,Polyganum,0,0,0,3,0,0.00,NA,NA,NA,0,0,NA,0.00,NA,NA,NA,0,0,NA,0.00,0.00,0,0.00,0,0.00,0.00,0,0,0,0,1,1,0.07
S.7.5,6,GAW-NSA-E-0807-6,Accra,-0.32065,5.65488,8,2007,Survey,N,Ghana,Accra,Ga West,Nsakina,pond,lentic,human,2,E,E,3,0,0,0,NA,3,Ferric Acrisols,28.3,439.6,397.0,9.1,6.6,7.5,92.4,24.7,5.86,8.410,5,45,218,51,4.5,24,11.6,1.54,69.5,15.5,0.443,0.239,0.027,0.0005,108,102,60.1,47.9,124,NA,0.0005,0.0025,5,0,0.00,5,0,0,NA,0.00,0,0,NA,0.00,5,1,0.20,5,1,0,0.00,0.00,1,0,0.00,0.00,Vossia,Eutrichularia,Ipomaea,0,0,0,3,0,0.00,NA,NA,NA,0,0,NA,0.00,NA,NA,NA,0,0,NA,0.00,0.00,0,0.00,0,0.00,0.00,0,0,0,0,1,1,0.07
S.7.6,7,GAW-ASH-E-0807-7,Accra,-0.36466,5.66613,8,2007,Survey,N,Ghana,Accra,Ga West,Ashaladja,river,lotic,nature,M,E,E,1,0,0,1,NA,2,Ferric Acrisols,26.1,260.2,247.0,82.7,7.3,7.4,146.8,55.7,31,10.421,5,138,136,32,7.6,18.4,7.8,1.5,19.9,25.8,0.509,0.049,0.018,1.72,78,96,46.1,31.9,117,NA,0.0005,0.022,5,0,0.00,5,0,0,NA,0.00,0,0,NA,0.00,5,1,0.20,5,1,0,0.00,0.00,1,0,0.00,0.00,Commelina,Echinochloa,Detritus,0,0,0,3,0,0.00,NA,NA,NA,0,0,NA,0.00,NA,NA,NA,0,0,NA,0.00,0.00,0,0.00,0,0.00,0.00,0,0,0,0,1,1,0.07
S.7.7,8,GAW-FIS-E-0807-8,Accra,-0.3018,5.69016,8,2007,Survey,Annual,Ghana,Accra,Ga West,Fise,pond,lentic,human,6,E,E,0,1,0,2,NA,3,Ferric Acrisols,28.0,430.6,395.0,52.2,7.3,7.4,108.9,10.0,3.03,11.012,1.25,15,217,54,13.3,28.1,7.7,0.032,41.7,16.2,0.128,0.064,0.009,0.122,102,142,70.1,31.9,173,NA,0.0005,0.0025,5,0,0.00,5,0,0,NA,0.00,0,0,NA,0.00,5,0,0.00,5,0,0,NA,0.00,0,0,NA,0.00,Typha,Brachiaria,Detritus,0,0,0,3,0,0.00,NA,NA,NA,0,0,NA,0.00,NA,NA,NA,0,0,NA,0.00,0.00,0,0.00,0,0.00,0.00,0,0,0,0,0,0,0.00
S.7.8,9,GAW-KWA-E-0807-9,Accra,-0.36531,5.71583,8,2007,Survey,Annual,Ghana,Accra,Ga West,Kwashikuma,wetland,lentic,human,6,E,E,0,1,0,0,NA,1,Ferric Acrisols,28.8,83.6,86.1,40.2,6.5,6.9,129.0,3.9,5.5,8.706,5,24,47.4,10.2,2.7,7.2,2.9,1.38,4,14.9,0.09,0.014,0.007,0.0005,30,38,18,12,46.4,NA,0.0005,0.0025,5,0,0.00,5,0,0,NA,0.00,0,0,NA,0.00,5,0,0.00,5,0,0,NA,0.00,0,0,NA,0.00,Brachiaria,Ludwigia,Detritus,0,0,0,3,0,0.00,NA,NA,NA,0,0,NA,0.00,NA,NA,NA,0,0,NA,0.00,0.00,0,0.00,0,0.00,0.00,0,0,0,0,0,0,0.00
S.7.9,10,GAW-ADO-N-0807-10,Accra,-0.15261,5.79539,8,2007,Survey,N,Ghana,Accra,Ga West,Adoteiman,pond,lentic,human,2,N,E,0,0,0,0,NA,0,Chromic Vertisols,27.7,446.0,406.0,100.3,7.6,7.3,95.4,17.6,3.95,7.365,1.25,29,223,42,15.3,22.4,10.2,0.039,81.4,12.3,0.092,0.011,0.002,0.612,98,78,56.1,41.9,95.2,NA,0.0005,0.0025,5,0,0.00,5,0,0,NA,0.00,0,0,NA,0.00,5,0,0.00,5,0,0,NA,0.00,0,0,NA,0.00,Paspallum,Nymphaea,Detritus,0,0,0,3,0,0.00,NA,NA,NA,0,0,NA,0.00,NA,NA,NA,0,0,NA,0.00,0.00,0,0.00,0,0.00,0.00,0,0,0,0,0,0,0.00
S.5.2,2,DAW-ASE-N-0805-2,Accra,-0.00488,5.90737,8,2005,Survey,Annual,Ghana,Accra,Dangme West,Asebi,pond,lentic,human,2,N,N,0,0,0,0,0,0,Ferric Acrisols,27.2,86.0,105,28.5,6.6,6.8,132.0,10.59,17.30,21.8,35,31,58,14,1,6.4,2.9,1.6,26.8,9.1,0.000,0.019,0.011,0.060,28.0,36.0,16.0,12.0,43.9,0.00,NA,NA,8,3,0.38,6,3,1,0.33,0.17,3,0,0.00,0.00,5,1,0.20,5,1,0,0.00,0.00,1,0,0.00,0.00,NA,NA,NA,NA,NA,NA,NA,NA,NA,NA,NA,NA,NA,NA,NA,NA,NA,NA,NA,NA,NA,NA,NA,#VALUE!,1,#VALUE!,0,0.08,0.00,1,NA,0,NA,1,#VALUE!,#VALUE!
S.5.3,3,DAW-ODU-N-0805-3,Accra,-0.04369,5.84639,8,2005,Survey,Annual,Ghana,Accra,Dangme West,Odumse,pond,lentic,human,7,N,N,0,0,0,0,0,0,Ferric Acrisols,28.4,216.7,220,107.2,7.6,6.6,97.2,110.70,207.00,76.1,200,451,121,19,10,12.0,2.9,2.5,4.0,16.6,0.040,0.050,0.071,0.938,42.0,72.0,30.1,11.9,87.8,5.99,NA,NA,8,2,0.25,6,1,0,0.00,0.00,1,1,1.00,0.17,5,5,1.00,5,5,1,0.20,0.20,5,0,0.00,0.00,NA,NA,NA,NA,NA,NA,NA,NA,NA,NA,NA,NA,NA,NA,NA,NA,NA,NA,NA,NA,NA,NA,NA,#VALUE!,1,#VALUE!,1,0.10,0.08,1,NA,1,NA,1,#VALUE!,#VALUE!
S.6.24,24,GAW-OLE-E-0706-24,Accra,-0.3097,5.63795,7,2006,Survey,Annual,Ghana,Accra,Ga West,Olebu,wetland,lentic,human,2,N,E,0,0,0,0,0,0,Ferric Acrisols,25.5,754.8,734,12.4,7.2,6.9,57.8,28.8,29.7,8.3,40,41,404,NA,NA,32.9,9.7,0.2,155.0,0.2,0.071,0.853,0.009,0.154,122.0,122.0,82.2,39.8,149.0,0.005,0.238,0.350,6,1,0.17,6,1,0,0.00,0.00,1,0,0.00,0.00,6,0,0.00,6,0,0,NA,0.00,0,0,NA,0.00,Nymphaea,Leersia,Detritus,1,1,1,3,3,1.00,0,1,0,3,1,0.33,0.33,1,0,1,3,2,0.67,0.67,0.11,1,0.22,1,0.00,0.00,0,1,0,1,1,4,0.39
S.6.27,27,GAW-AKO-E-0706-27,Accra,-0.34194,5.75034,7,2006,Survey,Annual,Ghana,Accra,Ga West,Akotoshie,wetland,lentic,nature,TP,E,E,3,2,2,0,1,8,Ferric Acrisols,25.6,216.3,189,5.1,6.6,6.4,-36.4,5.6,20.8,6.5,40,47,104,NA,NA,16.0,1.4,3.4,11.9,0.4,0.099,3.000,0.005,0.324,46.0,80.0,40.1,5.9,97.6,0.003,0.353,0.350,6,0,0.00,6,0,0,NA,0.00,0,0,NA,0.00,6,0,0.00,6,0,0,NA,0.00,0,0,NA,0.00,Ceratophylum,Grasses,Detritus,1,1,0,3,2,0.67,0,1,NA,2,1,0.50,0.33,0,0,NA,2,0,0.00,0.00,0.11,1,0.00,0,0.00,0.00,0,1,0,0,1,2,0.22
S.6.28,28,GAW-TRE-E-0706-28,Accra,-0.33066,5.73627,7,2006,Survey,N,Ghana,Accra,Ga West,Trebakope,fetch,lentic,human,7,E,E,4,2,1,1,0,8,Orthic Acrisols,24.8,74.2,78.8,6.8,6.3,5.7,39.7,320.9,235,14.1,350,103,43.3,NA,NA,0.0,0.0,1.6,5.0,17.5,0.566,0.113,0.025,2.820,0.0,26.0,0.0,0.0,31.7,0.003,0.393,0.404,6,0,0.00,6,0,0,NA,0.00,0,0,NA,0.00,6,0,0.00,6,0,0,NA,0.00,0,0,NA,0.00,Struchium sparganophora,Grasses,Detritus,1,1,1,3,3,1.00,1,0,0,3,1,0.33,0.33,0,0,0,3,0,0.00,0.00,0.11,1,0.00,0,0.00,0.00,0,1,0,0,1,3,0.33
S.6.29,29,GAE-OYA-E-0706-29,Accra,-0.17533,5.74378,7,2006,Survey,N,Ghana,Accra,Ga East,Oyarifa,pond,lentic,human,7,N,N,0,0,0,0,0,0,Chromic Vertisols,27.2,151.4,157,31.8,6.6,6.1,90.8,37.8,46,5.5,60,19,86.4,NA,NA,4.0,2.9,0.5,26.8,7.2,0.095,0.189,0.006,0.001,22.0,1.0,10.0,12.0,1.2,0.003,1.690,0.723,6,0,0.00,6,0,0,NA,0.00,0,0,NA,0.00,6,0,0.00,6,0,0,NA,0.00,0,0,NA,0.00,Grasses,Submerged wood,Detritus,1,1,0,3,2,0.67,1,0,NA,2,1,0.50,0.33,0,0,NA,2,0,0.00,0.00,0.11,1,0.00,0,0.00,0.00,0,1,0,0,1,2,0.22
S.6.51,51,GAW-AMA-E-0806-51,Accra,-0.29866,5.70842,8,2006,Survey,Annual,Ghana,Accra,Ga West,Amasaman,wetland,lentic,human,2,E,E,10,16,23,12,4,65,Ferric Acrisols,24.7,979.3,1028,0.2,7.0,6.9,-184.5,331.5,1225,27.1,500,NA,565,NA,NA,70.1,24.2,7.3,129.0,0.5,1.010,2.520,0.0005,0.356,275.0,368.0,175.0,99.7,449.0,0.004,0.870,0.640,6,6,1.00,6,6,5,0.83,0.83,6,0,0.00,0.00,6,0,0.00,6,0,0,NA,0.00,0,0,NA,0.00,Pistia,Typha,Detritus,1,0,0,3,1,0.33,0,NA,NA,1,0,0.00,0.00,1,NA,NA,1,1,1.00,0.33,0.28,1,0.11,1,0.42,0.00,1,0,0,1,1,7,0.44
S.7.3,3,GAE-TEI-N-0807-3,Accra,-0.18136,5.75119,8,2007,Survey,N,Ghana,Accra,Ga East,Teiman,fetch,lentic,human,7,N,N,0,0,0,0,NA,0,Chromic Vertisols,25.1,452.6,399.0,22.0,7.2,6.9,97.3,66.5,5.54,22.796,7.5,94,219,35.8,33.5,28.1,5.8,0.177,45.7,28.5,0.709,0.033,0.151,0.569,94,124,70.1,23.9,151,NA,0.0005,0.013,5,0,0.00,5,0,0,NA,0.00,0,0,NA,0.00,5,1,0.20,5,1,1,1.00,0.20,1,0,0.00,0.00,Paspallum,Paspallum,Detritus,0,0,0,3,0,0.00,NA,NA,NA,0,0,NA,0.00,NA,NA,NA,0,0,NA,0.00,0.07,1,0.00,0,0.10,0.00,1,0,0,0,1,1,0.07
S.7.4,4,GAW-AFI-E-0807-4,Accra,-0.28561,5.708,8,2007,Survey,N,Ghana,Accra,Ga West,Afiaman,pond,lentic,human,2,E,E,4,7,5,2,NA,18,Ferric Acrisols,26.9,2601.4,2130.0,38.4,7.5,8.0,80.7,20.8,3.32,8.825,1.25,24,1172,280,14.7,92.2,84.9,0.022,645,68.6,0.22,0.036,0.011,2.14,580,284,231,350,347,NA,0.0005,0.075,5,3,0.60,5,3,1,0.33,0.20,3,1,0.33,0.20,5,0,0.00,5,0,0,NA,0.00,0,0,NA,0.00,Typha,Paspallum,Typha,0,1,0,3,1,0.33,NA,0,NA,1,0,0.00,0.00,NA,0,NA,1,0,0.00,0.00,0.07,1,0.07,1,0.10,0.10,1,0,1,0,1,4,0.31
S.5.10,11,AMW-TON-E-0805-11,Ashanti,-1.99414,6.25192,8,2005,Survey,Annual,Ghana,Ashanti,Amansie West,Tontokrom,stream,lotic,nature,N,E,E,4,4,2,3,0,13,Orthic Acrisols,23.5,73.0,87.6,56.6,6.6,6.9,-133.0,5.74,16.70,10.3,15,12,48,3,1,7.2,6.3,1.6,7.9,7.6,0.000,0.007,0.010,0.152,28.0,32.0,2.3,25.8,39.0,4.37,NA,NA,8,0,0.00,8,0,0,NA,0.00,0,0,NA,0.00,5,0,0.00,5,0,0,NA,0.00,0,0,NA,0.00,NA,NA,NA,NA,NA,NA,NA,NA,NA,NA,NA,NA,NA,NA,NA,NA,NA,NA,NA,NA,NA,NA,NA,#VALUE!,0,#VALUE!,0,0.00,0.00,0,NA,0,NA,1,#VALUE!,#VALUE!
S.5.12,13,AMW-BON-E-0805-13,Ashanti,-1.99715,6.229,8,2005,Survey,Annual,Ghana,Ashanti,Amansie West,Bonsaaso,stream,lotic,nature,N,E,E,3,7,1,2,0,13,Orthic Acrisols,23.8,99.0,113,54.0,6.7,6.8,-144.0,0.01,6.22,5.2,5,24,62,1,1,4.0,9.4,0.6,14.9,5.6,0.000,0.010,0.003,0.158,40.0,24.0,1.3,38.8,29.3,21.60,NA,NA,8,0,0.00,6,0,0,NA,0.00,0,0,NA,0.00,5,0,0.00,5,0,0,NA,0.00,0,0,NA,0.00,NA,NA,NA,NA,NA,NA,NA,NA,NA,NA,NA,NA,NA,NA,NA,NA,NA,NA,NA,NA,NA,NA,NA,#VALUE!,0,#VALUE!,0,0.00,0.00,0,NA,0,NA,1,#VALUE!,#VALUE!
S.5.13,14,AMW-WAT-E-0805-14,Ashanti,-1.91547,6.24568,8,2005,Survey,Annual,Ghana,Ashanti,Amansie West,Watreso,fetch,lentic,human,7,E,E,1,5,1,0,25,32,Orthic Acrisols,26.2,97.5,111,30.9,6.7,6.6,-165.0,329.10,24.00,36.7,30,21,61,5,3,7.2,9.2,6.4,8.9,18.8,0.000,0.009,0.003,0.123,40.0,40.0,2.3,37.8,48.8,17.30,NA,NA,8,0,0.00,8,0,0,NA,0.00,0,0,NA,0.00,5,1,0.20,5,1,0,0.00,0.00,1,0,0.00,0.00,NA,NA,NA,NA,NA,NA,NA,NA,NA,NA,NA,NA,NA,NA,NA,NA,NA,NA,NA,NA,NA,NA,NA,#VALUE!,0,#VALUE!,0,0.00,0.00,0,NA,0,NA,1,#VALUE!,#VALUE!
S.5.14,15,AMW-BRE-N-0805-15,Ashanti,-1.91015,6.20813,8,2005,Survey,Annual,Ghana,Ashanti,Amansie West,Bretsekrom,riverine wetland,lentic,nature,N,N,E,0,0,0,0,0,0,Orthic Acrisols,23.2,91.1,108,2.2,6.4,6.5,47.5,16.91,13.10,25.0,10,14,59,4,4,12.8,9.7,5.6,6.0,16.3,0.000,0.165,0.022,0.111,44.0,60.0,4.0,40.0,73.2,2.13,NA,NA,8,5,0.63,6,5,0,0.00,0.00,5,1,0.20,0.17,5,1,0.20,5,1,0,0.00,0.00,1,0,0.00,0.00,NA,NA,NA,NA,NA,NA,NA,NA,NA,NA,NA,NA,NA,NA,NA,NA,NA,NA,NA,NA,NA,NA,NA,#VALUE!,0,#VALUE!,1,0.00,0.08,0,NA,1,NA,1,#VALUE!,#VALUE!
S.6.32,32,ATM-ABO-E-0706-32,Ashanti,-2.27267,6.54619,7,2006,Survey,N,Ghana,Ashanti,Atwima Mponuah,Aboabogya,stream,lotic,nature,M,E,E,2,0,0,0,0,2,Orthic Acrisols,24.0,61.3,60.4,5.5,6.3,6.5,-20.4,12.2,42,5.3,90,6,33.2,NA,NA,8.0,1.0,2.7,4.0,0.5,0.149,0.053,0.0005,1.360,24.0,26.0,20.0,4.0,31.7,0.004,0.215,0.418,6,1,0.17,6,1,0,0.00,0.00,1,0,0.00,0.00,6,0,0.00,6,0,0,NA,0.00,0,0,NA,0.00,Grasses and ferns,Shrub roots,Detritus,1,1,1,3,3,1.00,0,0,0,3,0,0.00,0.00,0,0,0,3,0,0.00,0.00,0.00,0,0.00,0,0.00,0.00,0,0,0,0,1,4,0.39
S.6.33,33,ATM-PAM-E-0806-33,Ashanti,-2.24979,6.52425,8,2006,Survey,N,Ghana,Ashanti,Atwima Mponuah,Pamuruso,stream,lotic,nature,M,N,E,0,0,0,0,0,0,Orthic Acrisols,23.4,44.0,46.3,76.8,6.9,6.6,103.6,14.5,18.5,3.0,30,4,25.5,NA,NA,4.8,2.9,0.8,3.0,0.5,0.118,0.0025,0.007,2.700,24.0,20.0,12.0,12.0,24.4,0.0005,0.108,0.516,6,0,0.00,6,0,0,NA,0.00,0,0,NA,0.00,6,0,0.00,6,0,0,NA,0.00,0,0,NA,0.00,Grasses,Wood pieces,Detritus,1,1,1,3,3,1.00,0,0,0,3,0,0.00,0.00,0,0,0,3,0,0.00,0.00,0.00,0,0.00,0,0.00,0.00,0,0,0,0,1,3,0.33
S.6.43,43,AMW-GRO-E-0806-43,Ashanti,-2.01478,6.12844,8,2006,Survey,N,Ghana,Ashanti,Amansie West,Groso,riverine wetland,lentic,nature,TS,E,E,5,4,0,0,0,9,Orthic Acrisols,24.4,87.4,105,11.1,6.1,6.5,157.4,37.1,56.4,6.4,100,16,57.8,NA,NA,6.4,3.9,3.4,8.9,0.5,0.251,0.049,0.006,1.170,32.0,14.0,16.0,16.0,17.1,0.0005,0.608,0.469,6,6,1.00,6,6,0,0.00,0.00,6,2,0.33,0.33,6,0,0.00,6,0,0,NA,0.00,0,0,NA,0.00,Commelina,None,Detritus,1,NA,1,2,2,1.00,0,NA,0,2,0,0.00,0.00,1,NA,1,2,2,1.00,1.00,0.00,0,0.44,1,0.00,0.17,0,0,1,1,1,8,0.67
S.7.21,22,ATN-ABO-E-0807-22,Ashanti,-1.92522,6.73738,8,2007,Survey,N,Ghana,Ashanti,Ahafo Ano South,Abompe,river,lotic,nature,M,N,E,0,0,NA,NA,NA,0,Orthic Acrisols,25.4,187.0,74.0,74.8,7.2,7.4,73.7,15.5,1.6,8.603,5,10,40.7,5,1.9,8.8,3.4,0.935,1,5.76,0.216,0.053,0.004,1.8,36,36,22,14,43.9,NA,0.0005,0.0025,5,0,0.00,5,0,0,NA,0.00,0,0,NA,0.00,5,0,0.00,5,0,0,NA,0.00,0,0,NA,0.00,Ficus exasperate,Ficus exasperate,Detritus,0,0,0,3,0,0.00,NA,NA,NA,0,0,NA,0.00,NA,NA,NA,0,0,NA,0.00,0.00,0,0.00,0,0.00,0.00,0,0,0,0,0,0,0.00
S.7.23,24,ATM-ANI-E-0907-24,Ashanti,-2.0295,6.54083,9,2007,Survey,N,Ghana,Ashanti,Atwima Mponuah,Aniamoa,stream,lotic,nature,M,E,E,11,4,NA,NA,NA,15,Orthic Acrisols,25.9,116.0,128.0,65.0,6.7,7.0,58.7,77.8,67.7,6.689,10,27,70.4,11.6,4.6,11.2,3.9,3.33,4,10,0.382,0.041,0.016,3.11,44,56,28.1,15.9,68.3,NA,0.0005,0.0025,5,0,0.00,5,0,0,NA,0.00,0,0,NA,0.00,5,0,0.00,5,0,0,NA,0.00,0,0,NA,0.00,Brachiaria,Brachiaria,Detritus,0,0,0,3,0,0.00,NA,NA,NA,0,0,NA,0.00,NA,NA,NA,0,0,NA,0.00,0.00,0,0.00,0,0.00,0.00,0,0,0,0,0,0,0.00
S.7.26,27,AAN-SER-E-0907-27,Ashanti,-1.02683,6.94313,9,2007,Survey,N,Ghana,Ashanti,Asante Akim North,Serebuoso,river,lotic,nature,M,E,E,5,6,3,2,NA,16,Lithosols_ferric lu,24.2,116.0,116.0,68.3,6.4,6.7,168.9,138.4,116,11.976,10,64,63.8,7,2.6,9.6,3.4,2.54,7.9,12.3,0.417,0.067,0.044,3.97,38,24,24,14,29.3,NA,0.0005,0.0025,5,5,1.00,5,5,0,0.00,0.00,5,0,0.00,0.00,5,1,0.20,5,1,0,0.00,0.00,1,0,0.00,0.00,Brachiaria,Potomogetan,Detritus,0,0,0,3,0,0.00,NA,NA,NA,0,0,NA,0.00,NA,NA,NA,0,0,NA,0.00,0.00,0,0.00,0,0.00,0.00,0,0,0,0,1,6,0.40
S.5.11,12,AMW-BON-E-0805-12,Ashanti,-1.99909,6.23316,8,2005,Survey,Annual,Ghana,Ashanti,Amansie West,Bonsaaso,fetch,lentic,human,7,E,E,3,7,1,2,0,13,Orthic Acrisols,24.2,175.6,210,23.9,6.8,6.9,72.7,49.14,136.00,16.2,180,4,116,16,6,9.6,2.9,2.2,7.9,8.9,0.000,0.011,0.055,0.287,36.0,58.0,24.0,12.0,70.8,2.29,NA,NA,8,3,0.38,8,1,1,1.00,0.13,1,0,0.00,0.00,5,1,0.20,5,1,1,1.00,0.20,1,0,0.00,0.00,NA,NA,NA,NA,NA,NA,NA,NA,NA,NA,NA,NA,NA,NA,NA,NA,NA,NA,NA,NA,NA,NA,NA,#VALUE!,1,#VALUE!,0,0.16,0.00,1,NA,0,NA,1,#VALUE!,#VALUE!
S.5.15,16,AMW-NYA-E-0805-16,Ashanti,-1.9257,6.17479,8,2005,Survey,Annual,Ghana,Ashanti,Amansie West,Nyame Bekyere,river,lotic,nature,M,E,E,1,0,1,1,0,3,Orthic Acrisols,25.6,286.9,285,82.3,7.6,7.0,64.5,11.69,11.20,10.3,10,3,157,5,8,10.4,5.8,1.1,5.0,7.5,0.000,0.028,0.009,1.920,50.0,70.0,26.0,24.0,85.4,3.33,NA,NA,8,7,0.88,6,5,2,0.40,0.33,5,0,0.00,0.00,5,4,0.80,5,4,0,0.00,0.00,4,0,0.00,0.00,NA,NA,NA,NA,NA,NA,NA,NA,NA,NA,NA,NA,NA,NA,NA,NA,NA,NA,NA,NA,NA,NA,NA,#VALUE!,1,#VALUE!,0,0.17,0.00,1,NA,0,NA,1,#VALUE!,#VALUE!
S.6.31,31,ATM-BAR-E-0706-31,Ashanti,-2.17884,6.54168,7,2006,Survey,N,Ghana,Ashanti,Atwima Mponuah,Barniekrom,stream,lotic,nature,M,N,E,0,0,0,NA,0,0,Orthic Acrisols,24.1,55.0,56.5,72.8,6.9,6.6,102.6,10.9,18.5,3.0,35,4,31.1,NA,NA,3.2,4.4,1.2,3.0,0.5,0.109,0.007,0.020,0.899,26.0,22.0,8.0,18.0,26.8,0.0005,0.301,0.449,6,1,0.17,6,1,1,1.00,0.17,1,0,0.00,0.00,6,0,0.00,6,0,0,NA,0.00,0,0,NA,0.00,Grasses,Commelina,Detritus,1,1,1,3,3,1.00,0,0,0,3,0,0.00,0.00,0,0,0,3,0,0.00,0.00,0.06,1,0.00,0,0.08,0.00,1,0,0,0,1,4,0.39
S.6.34,34,ATM-JER-E-0806-34,Ashanti,-2.33293,6.62637,8,2006,Survey,N,Ghana,Ashanti,Atwima Mponuah,Jerusalem,stream,lotic,nature,M,E,E,0,0,0,1,0,1,Orthic Acrisols,23.8,196.0,191,67.1,7.5,7.0,83.8,81.3,116,7.6,150,12,105,NA,NA,19.2,6.8,3.6,7.9,14.5,0.296,0.035,0.0005,1.300,76.0,24.0,48.1,27.9,29.3,0.0005,0.487,0.324,6,0,0.00,6,0,0,NA,0.00,0,0,NA,0.00,6,0,0.00,6,0,0,NA,0.00,0,0,NA,0.00,Brachiara,Commelina,Detritus,1,1,1,3,3,1.00,1,0,0,3,1,0.33,0.33,0,0,0,3,0,0.00,0.00,0.11,1,0.00,0,0.00,0.00,0,1,0,0,1,3,0.33
S.6.35,35,ATM-BOF-E-0806-35,Ashanti,-2.19869,6.59772,8,2006,Survey,N,Ghana,Ashanti,Atwima Mponuah,Bofaso,stream,lotic,nature,M,N,E,0,0,0,0,0,0,Orthic Acrisols,23.5,52.3,55.1,76.2,6.7,6.8,58.7,9.8,18.3,1.3,30,6,30.3,NA,NA,3.2,3.9,0.7,3.0,0.5,0.120,0.0025,0.009,1.440,24.0,24.0,8.0,16.0,29.3,0.003,0.246,0.397,6,1,0.17,6,1,0,0.00,0.00,1,0,0.00,0.00,6,0,0.00,6,0,0,NA,0.00,0,0,NA,0.00,Commelina,None,Detritus,1,NA,1,2,2,1.00,1,NA,1,2,2,1.00,1.00,0,NA,0,2,0,0.00,0.00,0.33,1,0.00,0,0.00,0.00,0,1,0,0,1,3,0.39
S.6.36,36,ATM-AKE-E-0806-36,Ashanti,-2.09273,6.66873,8,2006,Survey,N,Ghana,Ashanti,Atwima Mponuah,Akentensu,stream,lotic,nature,M,E,E,0,0,0,1,0,1,Orthic Acrisols,24.1,39.0,40,74.5,6.8,6.5,57.7,10.4,16.8,1.4,20,4,22,NA,NA,3.2,3.9,0.6,1.0,0.5,0.107,0.0025,0.004,0.846,24.0,18.0,8.0,16.0,22.0,0.003,0.008,0.728,6,0,0.00,6,0,0,NA,0.00,0,0,NA,0.00,6,0,0.00,6,0,0,NA,0.00,0,0,NA,0.00,Grasses,None,Detritus,1,NA,0,2,1,0.50,1,NA,NA,1,1,1.00,0.50,0,NA,NA,1,0,0.00,0.00,0.17,1,0.00,0,0.00,0.00,0,1,0,0,1,1,0.17
S.6.37,37,AMW-MPA-E-0806-37,Ashanti,-1.9355,6.5444,8,2006,Survey,N,Ghana,Ashanti,Amansie West,Mpatuom,wetland,lentic,human,6,E,E,0,2,2,2,0,6,Orthic Acrisols,25.7,163.1,163,13.2,6.9,6.7,45.0,5.0,24.3,2.4,30,3,89.7,NA,NA,8.8,7.8,0.8,5.0,0.5,0.092,0.035,0.0005,0.303,54.0,64.0,22.0,32.0,78.1,0.0005,0.158,0.568,6,1,0.17,6,1,0,0.00,0.00,0,0,NA,0.00,6,0,0.00,6,0,0,NA,0.00,0,0,NA,0.00,Nymphaea,Typha,Detritus,1,1,1,3,3,1.00,0,1,1,3,2,0.67,0.67,0,0,0,3,0,0.00,0.00,0.22,1,0.00,0,0.00,0.00,0,1,0,0,1,4,0.39
S.6.38,38,ATM-KOB-E-0806-38,Ashanti,-1.86081,6.59742,8,2006,Survey,N,Ghana,Ashanti,Atwima Mponuah,Kobeng,stream,lotic,nature,N,E,E,0,1,0,0,0,1,Orthic Acrisols,23.4,696.3,342,24.4,6.9,6.7,-188.1,18.3,141,125.7,150,20,188,NA,NA,22.4,13.1,3.2,38.7,0.5,0.123,0.099,0.036,1.360,110.0,124.0,56.1,53.9,151.0,0.004,0.205,0.754,6,6,1.00,6,6,6,1.00,1.00,6,0,0.00,0.00,6,0,0.00,6,0,0,NA,0.00,0,0,NA,0.00,Commelina,None,Detritus,1,NA,1,2,2,1.00,1,NA,0,2,1,0.50,0.50,0,NA,0,2,0,0.00,0.00,0.50,1,0.00,0,0.50,0.00,1,1,0,0,1,8,0.67
S.6.39,39,AME-SEN-E-0806-39,Ashanti,-1.63127,6.50686,8,2006,Survey,N,Ghana,Ashanti,Amansie East,Senfi,riverine wetland,lentic,nature,N,E,E,0,0,0,0,1,1,Orthic Acrisols,23.8,137.9,140,8.9,5.6,6.2,151.0,75.9,11.5,5.1,15,2,77,NA,NA,1.6,7.8,0.6,21.8,4.6,0.104,0.078,0.005,21.000,36.0,22.0,4.0,32.0,26.8,0.005,0.300,0.630,6,6,1.00,6,6,5,0.83,0.83,6,0,0.00,0.00,6,0,0.00,6,0,0,NA,0.00,0,0,NA,0.00,Nymphaea,Commelina,Detritus,1,1,1,3,3,1.00,0,0,0,3,0,0.00,0.00,0,0,0,3,0,0.00,0.00,0.28,1,0.00,0,0.42,0.00,1,0,0,0,1,9,0.67
S.6.40,40,AME-OFO-E-0806-40,Ashanti,-1.64132,6.47629,8,2006,Survey,N,Ghana,Ashanti,Amansie East,Ofoasi Kokobeng,riverine wetland,lentic,human,6,E,E,0,0,0,1,2,3,Orthic Acrisols,25.2,182.0,187,5.6,6.7,6.6,-55.4,36.0,31.9,11.0,60,6,103,NA,NA,13.6,5.3,1.2,13.9,4.4,0.123,0.047,0.013,0.964,56.0,74.0,34.1,21.9,90.3,0.004,0.227,0.552,6,1,0.17,6,1,1,1.00,0.17,6,0,0.00,0.00,6,0,0.00,6,0,0,NA,0.00,0,0,NA,0.00,Pistia,Brachiara,Detritus,0,0,1,3,1,0.33,NA,NA,0,1,0,0.00,0.00,NA,NA,1,1,1,1.00,0.33,0.06,1,0.11,1,0.08,0.00,1,0,0,1,1,2,0.17
S.6.41,41,ADE-ASI-E-0806-41,Ashanti,-1.40962,6.16573,8,2006,Survey,N,Ghana,Ashanti,Adansi South,Asirifikrom,fetch,lentic,human,2,N,E,0,0,0,0,0,0,Orthic Acrisols,24.1,58.1,58,24.3,5.6,6.3,162.4,178.6,36,8.1,40,5,31.9,NA,NA,4.0,1.9,0.8,7.9,6.1,0.111,0.016,0.011,2.010,18.0,16.0,10.0,8.0,19.5,0.004,0.402,0.501,6,5,0.83,6,5,2,0.40,0.33,5,0,0.00,0.00,6,0,0.00,6,0,0,NA,0.00,0,0,NA,0.00,Ludwigia,None,Detritus,1,NA,0,2,1,0.50,0,NA,NA,1,0,0.00,0.00,1,NA,NA,1,1,1.00,0.50,0.11,1,0.17,1,0.17,0.00,1,0,0,1,1,6,0.44
S.6.42,42,BEK-NSU-E-0806-42,Ashanti,-1.2595,6.1553,8,2006,Survey,N,Ghana,Ashanti,Amansie East,Nsuta,stream,lotic,nature,M,N,E,0,0,0,0,0,0,Orthic Acrisols,24.5,228.1,216,19.9,6.9,6.8,-2.2,25.1,17.2,8.1,40,4,119,NA,NA,14.4,10.2,1.0,17.9,5.2,0.135,0.326,0.0005,0.207,78.0,92.0,36.1,41.9,112.0,0.004,0.516,0.703,6,6,1.00,6,6,2,0.33,0.33,6,1,0.17,0.17,6,0,0.00,6,0,0,NA,0.00,0,0,NA,0.00,Ludwigia,Struchium sparganophora,Detritus,1,1,1,3,3,1.00,1,0,0,3,1,0.33,0.33,0,1,1,3,2,0.67,0.67,0.22,1,0.28,1,0.17,0.08,1,1,1,1,1,9,0.67
S.6.44,44,AMW-MAD-E-0806-44,Ashanti,-1.90626,6.46616,8,2006,Survey,N,Ghana,Ashanti,Amansie West,Manso Dominase,stream,lotic,nature,M,N,E,0,0,0,0,0,0,Orthic Acrisols,25.2,131.3,140,79.3,7.1,7.0,42.4,7.1,9.3,1.7,15,2,77,NA,NA,10.4,7.8,1.1,5.0,4.9,0.114,0.063,0.009,1.690,58.0,82.0,26.1,31.9,100.0,0.0005,0.114,0.444,6,6,1.00,6,6,1,0.17,0.17,6,0,0.00,0.00,6,0,0.00,6,0,0,NA,0.00,0,0,NA,0.00,Nymphaea,Commelina,Detritus,0,1,1,3,2,0.67,NA,0,0,2,0,0.00,0.00,NA,0,0,2,0,0.00,0.00,0.06,1,0.00,0,0.08,0.00,1,0,0,0,1,8,0.56
S.6.45,45,AMC-KOB-E-0806-45,Ashanti,-1.88503,6.28616,8,2006,Survey,N,Ghana,Ashanti,Amansie Central,Kobro,stream,lotic,nature,M,N,E,NA,NA,NA,0,0,0,Orthic Acrisols,23.6,197.7,89.1,0.3,6.6,6.4,31.0,353.7,43,0.3,150,18,49,NA,NA,12.0,1.4,7.4,5.0,0.5,0.213,0.059,0.0005,0.729,36.0,36.0,30.1,5.9,43.9,0.019,0.857,0.723,6,6,1.00,6,6,3,0.50,0.50,6,1,0.17,0.17,6,0,0.00,6,0,0,NA,0.00,0,0,NA,0.00,Ludwigia,Commelina,Detritus,1,1,1,3,3,1.00,0,0,0,3,0,0.00,0.00,0,0,0,3,0,0.00,0.00,0.17,1,0.06,1,0.25,0.08,1,0,1,0,1,9,0.67
S.6.46,46,AMC-ABU-E-0806-46,Ashanti,-1.85421,6.29638,8,2006,Survey,N,Ghana,Ashanti,Amansie Central,Abuakwaa,stream,lotic,nature,M,E,E,NA,NA,NA,2,3,5,Orthic Acrisols,24.2,141.4,144,39.5,6.7,6.6,15.0,89.0,35.5,9.1,70,6,79.2,NA,NA,13.6,2.9,2.5,10.9,4.1,0.123,0.035,0.0005,0.0005,46.0,54.0,34.1,11.9,65.9,0.013,0.267,0.635,6,6,1.00,6,6,2,0.33,0.33,6,1,0.17,0.17,6,0,0.00,6,0,0,NA,0.00,0,0,NA,0.00,Ludwigia,Brachiara,Detritus,0,1,1,3,2,0.67,NA,0,0,2,0,0.00,0.00,NA,0,1,2,1,0.50,0.33,0.11,1,0.17,1,0.17,0.08,1,0,1,1,1,8,0.56
S.6.47,47,AMW-MAA-E-0806-47,Ashanti,-1.81314,6.41322,8,2006,Survey,N,Ghana,Ashanti,Amansie West,Manso Abodom,stream,lotic,nature,M,E,E,1,0,1,NA,0,2,Orthic Acrisols,24.7,196.7,192,79.3,7.4,6.9,79.4,61.3,68.7,9.2,120,14,106,NA,NA,12.0,7.8,3.9,19.9,0.5,0.369,0.073,0.002,0.921,62.0,66.0,30.1,31.9,80.5,0.006,0.241,0.479,6,4,0.67,6,4,2,0.50,0.33,6,0,0.00,0.00,6,0,0.00,6,0,0,NA,0.00,0,0,NA,0.00,Brachiara,None,Detritus,1,NA,1,2,2,1.00,1,NA,0,2,1,0.50,0.50,0,NA,1,2,1,0.50,0.50,0.28,1,0.17,1,0.17,0.00,1,1,0,1,1,6,0.56
S.6.50,50,KWA-ACH-E-0806-50,Ashanti,-1.53734,6.73669,8,2006,Survey,N,Ghana,Ashanti,Kwabre,Achiasi,fetch,lentic,human,2,E,E,1,0,0,0,0,1,Lithosols,23.3,66.0,67.5,34.8,5.5,6.4,167.6,92.8,11,14.1,10,2,37.1,NA,NA,3.2,2.9,0.2,6.9,5.2,0.097,0.0025,0.009,10.700,20.0,16.0,8.0,12.0,19.5,0.0005,0.109,0.499,6,6,1.00,6,6,4,0.67,0.67,6,0,0.00,0.00,6,0,0.00,6,0,0,NA,0.00,0,0,NA,0.00,Sagitaria,None,Detritus,1,NA,1,2,2,1.00,0,NA,0,2,0,0.00,0.00,0,NA,1,2,1,0.50,0.50,0.22,1,0.17,1,0.33,0.00,1,0,0,1,1,8,0.67
S.7.20,21,ATN-KYE-E-0807-21,Ashanti,-1.87409,6.71566,8,2007,Survey,N,Ghana,Ashanti,Atwima,Kyenkyentaa,river,lotic,nature,M,E,E,0,1,NA,NA,NA,1,Orthic Acrisols,25.2,185.1,195.0,74.6,7.2,7.3,102.3,16.4,13.9,8.697,10,12,107,15.3,8.7,17.6,6.3,2.2,9.9,16.2,0.36,0.07,0.023,2.36,70,82,44.1,25.9,100,NA,0.0005,0.093,5,1,0.20,5,1,0,0.00,0.00,1,0,0.00,0.00,5,0,0.00,5,0,0,NA,0.00,0,0,NA,0.00,Commelina,Potomogetan,Detritus,0,1,0,3,1,0.33,NA,1,NA,1,1,1.00,0.33,NA,0,NA,1,0,0.00,0.00,0.11,1,0.00,0,0.00,0.00,0,1,0,0,1,2,0.18
S.7.22,23,ATM-BAA-E-0907-23,Ashanti,-2.08811,6.63783,9,2007,Survey,N,Ghana,Ashanti,Atwima Mponuah,Baakoniaba,stream,lotic,nature,M,N,E,0,0,NA,NA,NA,0,Orthic Acrisols,24.0,67.0,77.8,69.1,6.4,6.8,130.0,56.1,57,9.634,10,40,42.8,7.6,4.2,9.6,2.4,2.75,7.9,6.1,0.218,0.024,0.019,2.62,34,34,24,10,41.5,NA,0.0005,0.0025,5,1,0.20,5,1,1,1.00,0.20,1,1,1.00,0.20,5,0,0.00,5,0,0,NA,0.00,0,0,NA,0.00,Brachiaria,Struchium,Detritus,0,0,0,3,0,0.00,NA,NA,NA,0,0,NA,0.00,NA,NA,NA,0,0,NA,0.00,0.07,1,0.07,1,0.10,0.10,1,0,1,0,1,1,0.07
S.7.24,25,ATN-ADA-E-0907-25,Ashanti,-1.75102,6.94899,9,2007,Survey,N,Ghana,Ashanti,Offinso,Adagya,river,lotic,nature,M,N,E,0,0,NA,NA,NA,0,Orthic Acrisols,24.0,129.9,138.0,69.8,6.9,7.1,124.7,51.8,49.6,11.876,10,28,75.9,18.4,8.8,11.2,3.4,3.22,9.9,27.1,0.509,0.034,0.022,1.59,42,52,28.1,13.9,63.4,NA,0.0005,0.0025,5,0,0.00,5,0,0,NA,0.00,0,0,NA,0.00,5,4,0.80,5,4,0,0.00,0.00,4,0,0.00,0.00,Brachiaria,Struchium,Detritus,1,1,1,3,3,1.00,1,1,0,3,2,0.67,0.67,0,0,0,3,0,0.00,0.00,0.22,1,0.00,0,0.00,0.00,0,1,0,0,1,7,0.60
S.7.25,26,ATN-ATA-E-0907-26,Ashanti,-1.76859,6.90613,9,2007,Survey,N,Ghana,Ashanti,Atwima,Ataase,river,lotic,nature,M,N,E,0,0,NA,NA,NA,0,Orthic Acriso,23.8,120.6,131.0,64.2,6.7,6.9,120.1,41.3,43.3,13.114,10,18,72.1,12.8,8.9,14.4,2.4,2.89,6,16.3,0.41,0.053,0.025,2.58,46,50,36.1,9.9,61,NA,0.0005,0.143,5,3,0.60,5,3,2,0.67,0.40,3,2,0.67,0.40,5,1,0.20,5,1,1,1.00,0.20,1,0,0.00,0.00,Brachiaria,Commelina,Detritus,0,0,0,3,0,0.00,NA,NA,NA,0,0,NA,0.00,NA,NA,NA,0,0,NA,0.00,0.20,1,0.13,1,0.30,0.20,1,0,1,0,1,4,0.27
S.7.27,28,AAN-ANA-E-0907-28,Ashanti,-1.01325,6.91456,9,2007,Survey,N,Ghana,Ashanti,Asante Akim North,Ananekrom,stream,lotic,nature,M,E,E,6,8,20,32,NA,66,Lithosols_ferric lu,25.0,280.2,271.0,75.1,6.2,6.6,141.6,89.0,90,5.071,10,30,149,39.5,12.8,12,4.4,2.93,67.5,29.2,0.374,0.039,0.068,0.974,48,10,30.1,17.9,12.2,NA,0.0005,0.0025,5,5,1.00,5,5,0,0.00,0.00,5,0,0.00,0.00,5,0,0.00,5,0,0,NA,0.00,0,0,NA,0.00,Brachiara,Sphenocleaceae,Detritus,0,1,0,3,1,0.33,NA,1,NA,1,1,1.00,0.33,NA,0,NA,1,0,0.00,0.00,0.11,1,0.00,0,0.00,0.00,0,1,0,0,1,6,0.44
S.7.28,29,AAN-AGO-E-0907-29,Ashanti,-1.07714,6.79781,9,2007,Survey,N,Ghana,Ashanti,Asante Akim North,Agogo,riverine wetland,lentic,nature,TP,E,E,5,5,4,4,NA,18,Orthic Acrisols,24.2,98.8,99.2,13.1,5.8,6.3,145.4,69.2,70,4.310,10,12,54.6,6.4,9.3,8,3.9,3.24,9.9,3.6,0.118,0.104,0.035,8,36,32,20,16,39,NA,0.0005,0.0025,5,5,1.00,5,5,1,0.20,0.20,5,1,0.20,0.20,5,0,0.00,5,0,0,NA,0.00,0,0,NA,0.00,Cyclosorus,Pistia,Detritus,0,0,0,3,0,0.00,NA,NA,NA,0,0,NA,0.00,NA,NA,NA,0,0,NA,0.00,0.07,1,0.07,1,0.10,0.10,1,0,1,0,1,5,0.33
S.7.29,30,AAN-PAT-E-0907-30,Ashanti,-1.17576,6.66068,9,2007,Survey,N,Ghana,Ashanti,Asante Akim North,Patrensa,riverine wetland,lentic,nature,TP,N,E,0,0,0,0,NA,0,Orthic Acrisols,24.3,97.1,105.0,4.4,6.1,6.7,100.8,61.0,69,12.151,10,26,57.8,3.3,8.3,9.6,3.4,6.14,6,4.3,0.313,0.059,0.053,0.964,38,38,24,14,46.4,NA,0.0005,0.0025,5,5,1.00,5,5,3,0.60,0.60,5,3,0.60,0.60,5,0,0.00,5,0,0,NA,0.00,0,0,NA,0.00,Nymphaea,Cyclosorus,Detritus,0,0,0,3,0,0.00,NA,NA,NA,0,0,NA,0.00,NA,NA,NA,0,0,NA,0.00,0.20,1,0.20,1,0.30,0.30,1,0,1,0,1,5,0.33
S.5.16,17,UDE-ADU-N-0805-17,Central,-1.70317,5.9237,8,2005,Survey,Annual,Ghana,Ashanti,Upper Denkyira,Aduman,stream,lotic,nature,M,N,N,0,0,0,0,0,0,Orthic Acrisols,23.5,80.0,97.4,90.3,7.2,7.2,-58.9,11.86,14.80,5.7,15,16,54,18,1,6.4,3.4,1.6,26.8,7.0,0.000,0.032,0.011,0.126,30.0,26.0,16.0,14.0,31.7,1.59,NA,NA,8,4,0.50,6,3,0,0.00,0.00,3,0,0.00,0.00,5,5,1.00,5,5,0,0.00,0.00,5,0,0.00,0.00,NA,NA,NA,NA,NA,NA,NA,NA,NA,NA,NA,NA,NA,NA,NA,NA,NA,NA,NA,NA,NA,NA,NA,#VALUE!,0,#VALUE!,0,0.00,0.00,0,NA,0,NA,1,#VALUE!,#VALUE!
S.5.17,18,UDE-ADW-N-0805-18,Central,-1.70483,5.92645,8,2005,Survey,Annual,Ghana,Ashanti,Upper Denkyira,Adwumam,pond,lentic,human,7,N,N,0,0,0,0,0,0,Orthic Acrisols,27.8,122.0,133,87.7,7.1,6.9,60.5,27.04,26.10,11.6,45,13,73,4,3,7.2,4.4,7.3,5.0,12.7,0.000,0.024,0.006,0.050,36.0,32.0,18.0,18.0,39.0,15.40,NA,NA,8,1,0.13,7,1,0,0.00,0.00,1,0,0.00,0.00,5,5,1.00,5,5,0,0.00,0.00,5,0,0.00,0.00,NA,NA,NA,NA,NA,NA,NA,NA,NA,NA,NA,NA,NA,NA,NA,NA,NA,NA,NA,NA,NA,NA,NA,#VALUE!,0,#VALUE!,0,0.00,0.00,0,NA,0,NA,1,#VALUE!,#VALUE!
S.5.18,19,UDE-AMP-E-0805-19,Central,-2.03272,6.13711,8,2005,Survey,Annual,Ghana,Ashanti,Upper Denkyira,Ampa Abena,river,lotic,human,6,E,E,4,1,2,NA,1,8,Orthic Acrisols,23.3,92.3,103,62.5,6.5,6.8,-8.0,14.82,27.00,11.6,50,13,57,4,2,8.0,4.9,1.6,7.9,8.4,0.000,0.017,0.008,0.075,36.0,32.0,16.0,20.0,39.0,7.41,NA,NA,8,2,0.25,6,1,0,0.00,0.00,1,0,0.00,0.00,5,4,0.80,5,4,0,0.00,0.00,4,0,0.00,0.00,NA,NA,NA,NA,NA,NA,NA,NA,NA,NA,NA,NA,NA,NA,NA,NA,NA,NA,NA,NA,NA,NA,NA,#VALUE!,0,#VALUE!,0,0.00,0.00,0,NA,0,NA,1,#VALUE!,#VALUE!
S.6.48,48,UDE-SUB-E-0806-48,Central,-2.04328,6.2011,8,2006,Survey,Annual,Ghana,Ashanti,Upper Denkyira,Subin,pond,lentic,nature,TS,E,E,11,5,5,NA,2,23,Orthic Acrisols,26.1,154.0,165,2.8,6.8,6.7,93.3,34.4,19.8,34.9,60,3,90.8,NA,NA,16.8,4.4,3.5,7.9,4.6,0.126,0.282,0.005,0.271,60.0,66.0,42.1,17.9,80.5,0.0005,0.170,0.428,6,6,1.00,6,6,3,0.50,0.50,6,0,0.00,0.00,6,1,0.17,6,1,0,0.00,0.00,1,0,0.00,0.00,Nymphaea,Polygonum,Detritus,1,1,1,3,3,1.00,0,0,0,3,0,0.00,0.00,0,1,1,3,2,0.67,0.67,0.17,1,0.22,1,0.25,0.00,1,0,0,1,1,10,0.72
S.6.49,49,UDE-SUB-E-0806-49,Central,-2.04439,6.20679,8,2006,Survey,Annual,Ghana,Ashanti,Upper Denkyira,Subin,stream,lotic,nature,N,E,E,11,5,5,NA,2,23,Orthic Acrisols,24.2,100.8,91.6,0.8,6.4,6.6,-9.6,24.0,32,11.4,120,7,50.4,NA,NA,10.4,3.4,4.9,6.0,0.5,0.315,0.052,0.0005,0.111,40.0,32.0,26.1,13.9,39.0,0.013,0.161,0.583,6,1,0.17,6,1,1,1.00,0.17,1,0,0.00,0.00,6,0,0.00,6,0,0,NA,0.00,0,0,NA,0.00,Ludwigia,Ceratophylum,Detritus,1,1,1,3,3,1.00,0,0,0,3,0,0.00,0.00,0,0,0,3,0,0.00,0.00,0.06,1,0.00,0,0.08,0.00,1,0,0,0,1,4,0.39
S.5.6,6,AKS-PAK-E-0805-6,Eastern,-0.3175,5.90659,8,2005,Survey,Annual,Ghana,Accra,Akuapim South,Pakro,river,lotic,nature,M,E,E,6,3,2,5,1,17,Orthic Acrisols,24.3,920.7,905,2.7,7.2,7.6,-25.3,2.43,45.40,56.8,55,20,498,61,11,52.9,31.1,2.0,25.8,10.0,0.237,1.460,0.012,0.049,260.0,360.0,132.0,128.0,439.0,0.43,NA,NA,8,0,0.00,8,0,0,NA,0.00,0,0,NA,0.00,5,0,0.00,5,0,0,NA,0.00,0,0,NA,0.00,NA,NA,NA,NA,NA,NA,NA,NA,NA,NA,NA,NA,NA,NA,NA,NA,NA,NA,NA,NA,NA,NA,NA,#VALUE!,0,#VALUE!,0,0.00,0.00,0,NA,0,NA,1,#VALUE!,#VALUE!
S.6.21,21,SUH-SUM-E-0706-21,Eastern,-0.32136,5.94169,7,2006,Survey,N,Ghana,Accra,Suhum Kraboa Coaltar,Sumui,stream,lotic,nature,M,N,E,NA,NA,NA,NA,0,0,Orthic Acrisols,24.9,341.4,352,74.9,7.8,7.1,62.8,22.8,18.9,6.8,35,19,194,NA,NA,23.2,6.3,1.7,21.8,0.3,0.427,0.599,0.007,0.804,84.0,144.0,58.1,25.9,176.0,0.004,0.474,0.376,6,2,0.33,6,2,0,0.00,0.00,2,0,0.00,0.00,6,0,0.00,6,0,0,NA,0.00,0,0,NA,0.00,Commelina,Polygonum,Detritus,1,1,1,3,3,1.00,0,0,0,3,0,0.00,0.00,0,0,0,3,0,0.00,0.00,0.00,0,0.00,1,0.00,0.00,0,0,0,0,1,5,0.44
S.6.22,22,SUH-OBO-E-0706-22,Eastern,-0.31027,6.08105,7,2006,Survey,N,Ghana,Accra,Suhum Kraboa Coaltar,Obotumpan,river,lotic,nature,M,N,E,NA,NA,NA,NA,0,0,Orthic Acrisols,25.6,216.1,197,100.8,8.1,7.4,120.4,15.9,21.4,6.5,40,12,108,NA,NA,17.6,5.8,1.2,10.9,6.4,0.273,0.128,0.001,1.260,68.0,90.0,44.1,23.9,109.0,0.002,0.376,0.645,6,2,0.33,6,2,0,0.00,0.00,2,0,0.00,0.00,6,0,0.00,6,0,0,NA,0.00,0,0,NA,0.00,Commelina,None,Detritus,1,NA,1,2,2,1.00,0,NA,0,2,0,0.00,0.00,1,NA,0,2,1,0.50,0.50,0.00,0,0.17,1,0.00,0.00,0,0,0,1,1,4,0.44
S.6.25,25,AKU-ALA-E-0706-25,Eastern,-0.30907,5.86653,7,2006,Survey,N,Ghana,Accra,Akuapim South,Alafia,fetch,lentic,nature,TP,E,E,0,1,1,0,0,2,Ferric Acrisols,24.8,283.9,275,5.4,7.1,6.6,-32.1,17.1,22.6,9.0,60,27,151,NA,NA,28.9,0.9,4.6,15.9,2.3,0.147,2.520,0.001,0.367,76.0,124.0,72.1,3.9,151.0,0.001,0.939,0.635,6,1,0.17,6,1,0,0.00,0.00,1,0,0.00,0.00,6,0,0.00,6,0,0,NA,0.00,0,0,NA,0.00,Nymphaea,Pistia,Detritus,1,1,1,3,3,1.00,0,NA,NA,1,0,0.00,0.00,0,NA,NA,1,0,0.00,0.00,0.00,0,0.00,0,0.00,0.00,0,0,0,0,1,4,0.39
S.5.7,7,AKS-BOW-E-0805-7,Eastern,-0.34209,5.85621,8,2005,Survey,Annual,Ghana,Accra,Akuapim South,Bowkrom,stream,lotic,nature,M,E,E,0,2,8,1,0,11,Orthic Acrisols,25.7,452.9,464,72.3,7.7,6.6,-17.2,0.86,4.46,5.4,5,8,255,49,5,32.1,12.6,0.1,65.5,10.8,0.000,0.051,0.004,0.490,132.0,148.0,80.2,51.8,181.0,1.77,NA,NA,8,5,0.63,6,3,1,0.33,0.17,3,1,0.33,0.17,5,0,0.00,5,0,0,NA,0.00,0,0,NA,0.00,NA,NA,NA,NA,NA,NA,NA,NA,NA,NA,NA,NA,NA,NA,NA,NA,NA,NA,NA,NA,NA,NA,NA,#VALUE!,1,#VALUE!,1,0.08,0.08,1,NA,1,NA,1,#VALUE!,#VALUE!
S.6.1,1,JAK-TAK-N-0706-1,Volta,0.41121,7.33861,7,2006,Survey,N,Ghana,Volta,Jasikan,Takrabe,stream,lotic,nature,M,N,N,0,0,0,0,0,0,Lithosols_Orthic Ac,24.7,41.0,42.5,85.5,7.2,5.8,121.6,31.7,39,3.3,35,13,23.4,NA,NA,2.4,1.9,1.2,2.0,15.3,0.014,0.020,0.011,1.570,14.0,16.0,6.0,8.0,19.5,0.001,0.205,0.252,6,0,0.00,6,0,0,NA,0.00,0,0,NA,0.00,6,0,0.00,6,0,0,NA,0.00,0,0,NA,0.00,Polygonum,Brachiara,Detritus,0,0,0,3,0,0.00,NA,NA,NA,0,0,NA,0.00,NA,NA,NA,0,0,NA,0.00,0.00,0,0.00,0,0.00,0.00,0,0,0,0,0,0,0.00
S.6.2,2,JAK-NKO-N-0706-2,Volta,0.33763,7.23443,7,2006,Survey,N,Ghana,Volta,Jasikan,Nkonya Bumbula,stream,lotic,nature,M,N,N,0,0,0,0,0,0,Lithosols_Orthic Ac,26.4,90.0,96.3,71.2,7.1,5.9,54.7,5.4,7,3.1,20,5,53,NA,NA,4.8,0.5,0.6,2.0,15.3,0.014,0.004,0.0005,1.060,14.0,32.0,12.0,2.0,39.0,0.004,0.280,0.381,6,0,0.00,6,0,0,NA,0.00,0,0,NA,0.00,6,0,0.00,6,0,0,NA,0.00,0,0,NA,0.00,Commelina,Struchium sparganophora,Detritus,0,0,0,3,0,0.00,NA,NA,NA,0,0,NA,0.00,NA,NA,NA,0,0,NA,0.00,0.00,0,0.00,0,0.00,0.00,0,0,0,0,0,0,0.00
S.6.3,3,JAK-TAP-N-0706-3,Volta,0.35664,7.47529,7,2006,Survey,N,Ghana,Volta,Jasikan,"Tampa, Bompaso",stream,lotic,nature,M,N,N,0,0,0,0,0,0,Lithosols_Orthic Ac,24.9,110.0,116,15.8,6.7,5.6,37.0,38.4,43,9.5,90,18,63.8,NA,NA,8.0,1.4,4.2,6.9,20.3,0.066,0.173,0.016,0.996,26.0,44.0,20.0,6.0,53.7,0.005,0.527,0.267,6,0,0.00,6,0,0,NA,0.00,0,0,NA,0.00,6,0,0.00,6,0,0,NA,0.00,0,0,NA,0.00,Ludwigia,Altinantheria,Detritus,0,0,0,3,0,0.00,NA,NA,NA,0,0,NA,0.00,NA,NA,NA,0,0,NA,0.00,0.00,0,0.00,0,0.00,0.00,0,0,0,0,0,0,0.00
S.6.4,4,JAK-WOR-N-0706-4,Volta,0.37441,7.52131,7,2006,Survey,N,Ghana,Volta,Jasikan,Worawora,fetch,lentic,human,2,N,N,0,0,0,0,0,0,Lithosols_Orthic Ac,25.7,48.8,52.2,40.0,5.6,4.4,237.7,4.1,4,1.9,20,4,28.7,NA,NA,0.0,0.0,1.0,4.0,7.1,0.100,0.056,0.009,13.600,0.0,12.0,0.0,0.0,14.6,0.007,0.205,0.437,6,0,0.00,6,0,0,NA,0.00,0,0,NA,0.00,6,0,0.00,6,0,0,NA,0.00,0,0,NA,0.00,Commelina,Nytella,Detritus,0,0,0,3,0,0.00,NA,NA,NA,0,0,NA,0.00,NA,NA,NA,0,0,NA,0.00,0.00,0,0.00,0,0.00,0.00,0,0,0,0,0,0,0.00
S.6.5,5,KAD-TIT-N-0706-5,Volta,0.5278,7.68075,7,2006,Survey,N,Ghana,Volta,Kadjebi,Titiaka,stream,lotic,nature,M,N,N,0,0,0,0,0,0,Lithosols_Orthic Ac,24.5,183.6,197,20.0,7.2,6.3,88.8,34.5,22,9.1,45,37,108,NA,NA,14.4,3.9,4.0,8.9,13.2,0.486,0.408,0.013,1.220,52.0,80.0,36.1,15.9,97.6,0.006,0.575,0.666,6,0,0.00,6,0,0,NA,0.00,0,0,NA,0.00,6,0,0.00,6,0,0,NA,0.00,0,0,NA,0.00,Commelina,None ,Detritus,0,0,0,3,0,0.00,NA,NA,NA,0,0,NA,0.00,NA,NA,NA,0,0,NA,0.00,0.00,0,0.00,0,0.00,0.00,0,0,0,0,0,0,0.00
S.6.6,6,KAD-ASA-N-0706-6,Volta,0.43798,7.53529,7,2006,Survey,N,Ghana,Volta,Kadjebi,Asato,stream,lotic,nature,M,N,N,0,0,0,0,0,0,Lithosols_Orthic Ac,24.8,79.0,82.8,79.3,7.1,5.8,24.2,48.9,38,4.0,38,24,45.5,NA,NA,4.8,3.4,3.5,2.0,37.5,0.190,0.084,0.007,0.441,26.0,32.0,12.0,14.0,39.0,0.005,0.461,0.138,6,0,0.00,6,0,0,NA,0.00,0,0,NA,0.00,6,0,0.00,6,0,0,NA,0.00,0,0,NA,0.00,Commelina,Struchium sparganophora,Detritus,0,0,0,3,0,0.00,NA,NA,NA,0,0,NA,0.00,NA,NA,NA,0,0,NA,0.00,0.00,0,0.00,0,0.00,0.00,0,0,0,0,0,0,0.00
S.6.7,7,HOH-LOL-N-0706-7,Volta,0.54758,7.20189,7,2006,Survey,N,Ghana,Volta,Hohoe,Lolobi Hiyasem,pond,lentic,human,2,N,N,0,0,0,0,0,0,Dystric Nitosols,25.1,282.9,302,4.7,6.8,5.9,-31.3,39.5,14,43.1,55,35,166,NA,NA,23.2,4.3,3.0,13.9,37.5,0.190,0.298,0.009,0.441,76.0,92.0,58.1,17.9,112.0,0.004,0.324,0.138,6,0,0.00,6,0,0,NA,0.00,0,0,NA,0.00,6,0,0.00,6,0,0,NA,0.00,0,0,NA,0.00,Struchium sparganophora,Brachiara,Detritus,0,0,0,3,0,0.00,NA,NA,NA,0,0,NA,0.00,NA,NA,NA,0,0,NA,0.00,0.00,0,0.00,0,0.00,0.00,0,0,0,0,0,0,0.00
S.6.8,8,HOH-LIK-N-0706-8,Volta,0.56009,7.19891,7,2006,Survey,N,Ghana,Volta,Hohoe,Likpe Agbozume,stream,lotic,nature,M,N,N,0,0,0,0,0,0,Dystric Nitosols,24.2,359.3,383,29.9,7.1,6.2,58.4,10.1,12,4.4,20,7,211,NA,NA,23.2,10.2,2.0,31.8,12.1,0.166,0.399,0.016,2.460,100.0,116.0,58.1,41.9,142.0,0.006,0.641,0.019,6,0,0.00,6,0,0,NA,0.00,0,0,NA,0.00,6,0,0.00,6,0,0,NA,0.00,0,0,NA,0.00,Unknown C,Polygonum,Detritus,0,0,0,3,0,0.00,NA,NA,NA,0,0,NA,0.00,NA,NA,NA,0,0,NA,0.00,0.00,0,0.00,0,0.00,0.00,0,0,0,0,0,0,0.00
S.6.9,9,KPA-ANF-N-0706-9,Volta,0.29705,6.89704,7,2006,Survey,N,Ghana,Volta,Kpandu,Anfoega Woademaxe,wetland,lentic,nature,TP,N,N,0,0,0,0,0,0,Ferric Luvisols,25.4,395.5,402,5.0,6.4,5.6,-150.3,69.4,31,17.6,70,40,221,NA,NA,18.4,7.8,4.7,55.6,24.4,0.062,0.215,0.016,0.441,78.0,88.0,46.1,31.9,107.0,0.004,0.826,0.0025,6,0,0.00,6,0,0,NA,0.00,0,0,NA,0.00,6,0,0.00,6,0,0,NA,0.00,0,0,NA,0.00,Nymphaea,Lemna,Detritus,0,0,0,3,0,0.00,NA,NA,NA,0,0,NA,0.00,NA,NA,NA,0,0,NA,0.00,0.00,0,0.00,0,0.00,0.00,0,0,0,0,0,0,0.00
S.6.10,10,KPA-ANF-N-0706-10,Volta,0.31125,6.90363,7,2006,Survey,N,Ghana,Volta,Kpandu,Anfoega Ando,riverine wetland,lentic,nature,M,N,N,0,0,0,0,0,0,Ferric Luvisols,25.3,41.2,44.2,67.1,6.8,5.6,157.8,47.7,66,5.3,80,24,24.3,NA,NA,1.6,1.0,4.0,1.0,18.3,0.211,0.092,0.017,0.772,8.0,22.0,4.0,4.0,26.8,0.005,0.333,0.107,6,0,0.00,6,0,0,NA,0.00,0,0,NA,0.00,6,0,0.00,6,0,0,NA,0.00,0,0,NA,0.00,Echinechloa,Brachiara,Detritus,0,0,0,3,0,0.00,NA,NA,NA,0,0,NA,0.00,NA,NA,NA,0,0,NA,0.00,0.00,0,0.00,0,0.00,0.00,0,0,0,0,0,0,0.00
S.6.11,11,KPA-KPA-N-0706-11,Volta,0.31931,7.02687,7,2006,Survey,N,Ghana,Volta,Kpandu,Kpandu Agudzi,fetch,lentic,human,7,N,N,0,0,0,0,0,0,Lithosols_Orthic Ac,25.6,63.0,86.9,5.7,5.6,4.5,39.2,61.1,91,8.3,110,22,46.8,NA,NA,0.0,0.0,3.5,5.0,28.4,0.358,0.071,0.035,1.200,0.0,14.0,0.0,0.0,17.1,0.002,0.386,0.216,6,0,0.00,6,0,0,NA,0.00,0,0,NA,0.00,6,0,0.00,6,0,0,NA,0.00,0,0,NA,0.00,Pistia,Brachiara,Detritus,0,0,0,3,0,0.00,NA,NA,NA,0,0,NA,0.00,NA,NA,NA,0,0,NA,0.00,0.00,0,0.00,0,0.00,0.00,0,0,0,0,0,0,0.00
S.6.12,12,HOH-AKP-N-0706-12,Volta,0.4003,7.1149,7,2006,Survey,N,Ghana,Volta,Hohoe,Akplamafu,stream,lotic,nature,M,N,N,0,0,0,0,0,0,Ferric Luvisols,24.7,38.0,39.6,79.0,6.9,5.4,97.5,22.9,36,4.1,55,15,21.8,NA,NA,1.6,1.0,1.5,2.0,12.3,0.152,0.058,0.019,1.460,8.0,16.0,4.0,4.0,19.5,0.003,0.355,0.195,6,0,0.00,6,0,0,NA,0.00,0,0,NA,0.00,6,0,0.00,6,0,0,NA,0.00,0,0,NA,0.00,Brachiara,Commelina,Detritus,0,0,0,3,0,0.00,NA,NA,NA,0,0,NA,0.00,NA,NA,NA,0,0,NA,0.00,0.00,0,0.00,0,0.00,0.00,0,0,0,0,0,0,0.00
S.6.13,13,HO-ADA-N-0706-13,Volta,0.41836,6.47864,7,2006,Survey,N,Ghana,Volta,Ho,Adaklu Dzakpo,river,lotic,nature,M,N,N,0,0,0,0,0,0,Chromic Vertisols,24.9,264.6,276,77.9,7.7,6.3,88.5,31.9,50,6.4,70,26,152,NA,NA,17.6,2.4,2.3,19.9,20.0,0.038,0.025,0.020,0.591,54.0,90.0,44.1,9.9,110.0,0.004,0.558,0.278,6,0,0.00,6,0,0,NA,0.00,0,0,NA,0.00,6,0,0.00,6,0,0,NA,0.00,0,0,NA,0.00,Brachiara,None,Detritus,0,NA,0,2,0,0.00,NA,NA,NA,0,0,NA,0.00,NA,NA,NA,0,0,NA,0.00,0.00,0,0.00,0,0.00,0.00,0,0,0,0,0,0,0.00
S.6.14,14,HO-ADA-N-0706-14,Volta,0.49859,6.44893,7,2006,Survey,N,Ghana,Volta,Ho,Adaklu Amedzivie,wetland,lentic,nature,TP,N,N,0,0,0,0,0,0,Soladic Planosols,28.2,80.7,80,35.4,6.9,6.1,132.2,17.5,37,5.8,50,21,44,NA,NA,4.0,1.9,0.8,0.0,12.3,0.083,0.154,0.014,0.569,18.0,40.0,10.0,8.0,48.8,0.008,0.813,0.081,6,0,0.00,6,0,0,NA,0.00,0,0,NA,0.00,6,0,0.00,6,0,0,NA,0.00,0,0,NA,0.00,Typha,Nymphaea,Detritus,0,0,0,3,0,0.00,NA,NA,NA,0,0,NA,0.00,NA,NA,NA,0,0,NA,0.00,0.00,0,0.00,0,0.00,0.00,0,0,0,0,0,0,0.00
S.6.15,15,HO-ADA-N-0706-15,Volta,0.50163,6.3935,7,2006,Survey,N,Ghana,Volta,Ho,Adaklu Dorkpo,wetland,lentic,nature,TP,N,N,0,0,0,0,0,0,Soladic Planosols,27.5,124.8,133,7.7,6.8,6.0,89.4,1.8,5,7.4,20,7,73.2,NA,NA,12.0,2.4,0.6,1.0,2.0,0.083,0.129,0.003,0.335,40.0,62.0,30.1,9.9,75.6,0.001,0.346,0.335,6,0,0.00,6,0,0,NA,0.00,0,0,NA,0.00,6,0,0.00,6,0,0,NA,0.00,0,0,NA,0.00,Pistia,Ipomoea,Detritus,0,0,0,3,0,0.00,NA,NA,NA,0,0,NA,0.00,NA,NA,NA,0,0,NA,0.00,0.00,0,0.00,0,0.00,0.00,0,0,0,0,0,0,0.00
S.6.16,16,HO-ADA-N-0706-16,Volta,0.52505,6.35666,7,2006,Survey,N,Ghana,Volta,Ho,Adaklu Tevikpo,lake/reservoir,lentic,human,6,N,N,0,0,0,0,0,0,Soladic Planosols,29.3,120.2,127,21.4,6.9,6.0,127.9,6.4,35,15.7,60,47,69.9,NA,NA,9.6,1.9,1.1,6.9,4.1,0.211,0.165,0.009,0.633,32.0,56.0,24.0,8.0,68.3,0.005,0.487,0.013,6,0,0.00,6,0,0,NA,0.00,0,0,NA,0.00,6,0,0.00,6,0,0,NA,0.00,0,0,NA,0.00,Nymphaea,Leersia,Detritus,0,0,0,3,0,0.00,NA,NA,NA,0,0,NA,0.00,NA,NA,NA,0,0,NA,0.00,0.00,0,0.00,0,0.00,0.00,0,0,0,0,0,0,0.00
S.6.17,17,HO-GAV-N-0706-17,Volta,0.63203,6.52854,7,2006,Survey,N,Ghana,Volta,Ho,Gavorkpo,fetch,lentic,human,2,N,N,0,0,0,0,0,0,Soladic Planosols,26.7,74.5,78,19.3,6.5,5.6,193.1,45.0,62,13.8,100,27,43,NA,NA,1.6,1.0,2.5,6.0,14.3,0.313,0.978,0.033,0.996,8.0,28.0,4.0,4.0,34.2,0.008,0.628,0.0025,6,0,0.00,6,0,0,NA,0.00,0,0,NA,0.00,6,0,0.00,6,0,0,NA,0.00,0,0,NA,0.00,Echinechloa,Nymphaea,Detritus,1,0,1,3,2,0.67,0,NA,0,2,0,0.00,0.00,0,NA,1,2,1,0.50,0.33,0.00,0,0.11,1,0.00,0.00,0,0,0,1,1,2,0.22
S.6.18,18,HO-WAY-N-0706-18,Volta,0.56437,6.58938,7,2006,Survey,N,Ghana,Volta,Ho,Wayanu,stream,lotic,nature,M,N,N,0,0,0,0,0,0,Eutric Nitosols,24.9,114.6,121,51.1,7.1,6.2,147.9,34.1,50,8.1,70,9,66.6,NA,NA,8.0,0.5,1.1,9.9,13.6,0.322,0.031,0.011,0.591,22.0,46.0,20.0,2.0,56.1,0.010,0.245,0.345,6,0,0.00,6,0,0,NA,0.00,0,0,NA,0.00,6,0,0.00,6,0,0,NA,0.00,0,0,NA,0.00,Brachiara,Commelina,Detritus,0,1,1,3,2,0.67,NA,NA,0,1,0,0.00,0.00,NA,NA,1,1,1,1.00,0.33,0.00,0,0.11,1,0.00,0.00,0,0,0,1,1,2,0.22
S.6.19,19,HO-ABU-N-0706-19,Volta,0.34758,6.48063,7,2006,Survey,N,Ghana,Volta,Ho,Abutia Kloe,fetch,lentic,human,2,N,N,0,0,0,0,0,0,Ferric Luvisols,25.8,92.9,99.8,7.0,5.8,5.0,111.8,140.2,84,6.3,110,34,54.9,NA,NA,4.8,2.4,2.8,10.9,15.9,0.209,0.095,0.026,0.388,22.0,28.0,12.0,10.0,34.2,0.004,0.311,0.096,6,0,0.00,6,0,0,NA,0.00,0,0,NA,0.00,6,0,0.00,6,0,0,NA,0.00,0,0,NA,0.00,Commelina,Struchium sparganophora,Detritus,1,1,1,3,3,1.00,0,0,0,3,0,0.00,0.00,0,0,1,3,1,0.33,0.33,0.00,0,0.11,1,0.00,0.00,0,0,0,1,1,3,0.33
S.6.20,20,HO-AGO-N-0706-20,Volta,0.30215,6.39933,7,2006,Survey,N,Ghana,Volta,Ho,Agodeke,stream,lotic,nature,M,N,N,0,0,0,0,0,0,Ferric Luvisols,25.5,192.7,244,57.9,7.5,6.8,109.9,27.0,28,7.7,40,19,134,NA,NA,18.4,3.9,1.0,13.9,6.3,0.194,0.380,0.020,1.880,62.0,96.0,46.1,15.9,117.0,0.003,0.152,0.205,6,0,0.00,6,0,0,NA,0.00,0,0,NA,0.00,6,0,0.00,6,0,0,NA,0.00,0,0,NA,0.00,Commelina,Brachiara,Detritus,1,1,1,3,3,1.00,0,0,0,3,0,0.00,0.00,1,0,0,3,1,0.33,0.33,0.00,0,0.11,1,0.00,0.00,0,0,0,1,1,3,0.33
S.7.10,11,NTO-TAD-N-0807-11,Volta,0.47895,6.13521,8,2007,Survey,N,Ghana,Volta,North Tongu,Tadeafenui,lake/reservoir,lentic,human,6,N,N,0,0,0,0,NA,0,Solodic Planosols,26.4,119.5,121.0,79.3,7.3,7.2,167.7,41.7,39.9,10.614,5,33,66.6,14.6,5.3,10.4,1.9,2.57,7.9,16.8,0.555,0.021,0.02,0.825,34,50,26.1,7.9,61,NA,0.0005,0.0025,5,0,0.00,5,0,0,NA,0.00,0,0,NA,0.00,5,0,0.00,5,0,0,NA,0.00,0,0,NA,0.00,Ludwigia,Nymphaea,Detritus,0,0,1,3,1,0.33,NA,NA,0,1,0,0.00,0.00,NA,NA,0,1,0,0.00,0.00,0.00,0,0.00,0,0.00,0.00,0,0,0,0,1,1,0.11
S.7.11,12,NTO-DOF-N-0807-12,Volta,0.29076,6.08409,8,2007,Survey,N,Ghana,Volta,North Tongu,Dofor Fortikpoe,river,lotic,nature,M,N,N,0,0,0,0,NA,0,Solodic Planosols,28.1,70.5,69.8,74.8,7.0,7.0,124.8,4.6,2.62,1.469,2.5,13,38.4,6.9,3.6,6.4,2.9,0.049,2,5.53,0.242,0.032,0.0005,1.57,28,36,16,12,43.9,NA,0.0005,0.865,5,0,0.00,5,0,0,NA,0.00,0,0,NA,0.00,5,0,0.00,5,0,0,NA,0.00,0,0,NA,0.00,Vassia,Ludwigia,Detritus,0,0,1,3,1,0.33,NA,NA,0,1,0,0.00,0.00,NA,NA,0,1,0,0.00,0.00,0.00,0,0.00,0,0.00,0.00,0,0,0,0,1,1,0.11
S.7.12,13,KAD-PAM-N-0807-13,Volta,0.56673,7.80563,8,2007,Survey,N,Ghana,Volta,Kadjebi,Pampamwie,stream,lotic,nature,M,N,N,0,0,0,0,NA,0,Dystric Nitosols,23.6,155.7,153.0,92.6,7.2,7.4,19.3,20.0,26.4,2.714,5,46,84.2,10.3,2.8,14.4,6.3,0.851,6,1,0.325,0.037,0.017,3.17,62,78,36.1,25.9,95.2,NA,0.004,0.084,5,1,0.20,5,1,0,0.00,0.00,1,0,0.00,0.00,5,0,0.00,5,0,0,NA,0.00,0,0,NA,0.00,Commelina,Struchium,Detritus,1,0,0,3,1,0.33,0,NA,NA,1,0,0.00,0.00,0,NA,NA,1,0,0.00,0.00,0.00,0,0.00,0,0.00,0.00,0,0,0,0,1,2,0.18
S.7.13,14,KAD-WAW-N-0807-14,Volta,0.44071,7.6551,8,2007,Survey,N,Ghana,Volta,Kadjebi,Wawaso,stream,lotic,nature,M,N,N,0,0,0,0,NA,0,Lithosols_Orthic Ac,24.1,138.0,136.0,98.2,7.4,7.5,109.4,71.5,72.4,5.546,7.5,18,74.8,12.6,4,11.2,5.8,2.64,4,22.1,0.68,0.022,0.039,2.84,52,60,28.1,23.9,73.2,NA,0.001,0.0025,5,2,0.40,5,2,0,0.00,0.00,2,0,0.00,0.00,5,0,0.00,5,0,0,NA,0.00,0,0,NA,0.00,Brachiaria,Struchium,Detritus,0,0,0,3,0,0.00,NA,NA,NA,0,0,NA,0.00,NA,NA,NA,0,0,NA,0.00,0.00,0,0.00,0,0.00,0.00,0,0,0,0,1,2,0.13
S.7.14,15,KRE-OKA-N-0807-15,Volta,0.36691,7.73876,8,2007,Survey,N,Ghana,Volta,Krachi East,Okaniase,stream,lotic,nature,M,N,N,0,0,0,0,NA,0,Lithosols_Orthic Ac,24.4,161.3,185.0,95.3,7.4,7.6,126.1,73.3,64.1,3.942,5,24,104,9.3,3.1,20,8.7,1.89,4,5.53,0.301,0.021,0.053,1.81,86,104,50.1,35.9,127,NA,0.0005,0.0025,5,2,0.40,5,2,0,0.00,0.00,2,0,0.00,0.00,5,0,0.00,5,0,0,NA,0.00,0,0,NA,0.00,Brachiaria,Commelina,Detritus,0,0,0,3,0,0.00,NA,NA,NA,0,0,NA,0.00,NA,NA,NA,0,0,NA,0.00,0.00,0,0.00,0,0.00,0.00,0,0,0,0,1,2,0.13
S.7.15,16,JAS-BOD-N-0807-16,Volta,0.48898,7.35552,8,2007,Survey,N,Ghana,Volta,Jasikan,Bodada,stream,lotic,nature,M,N,N,0,0,0,0,NA,0,Lithosols_Orthic Ac,23.7,87.8,78.3,80.8,6.8,7.1,79.8,14.5,17.6,2.887,5,1,43.1,3.4,3.4,6.4,2.9,1.08,4,1,0.405,0.028,0.02,0.591,28,32,16,12,39,NA,0.0005,0.0025,5,0,0.00,5,0,0,NA,0.00,0,0,NA,0.00,5,1,0.20,5,1,0,0.00,0.00,1,0,0.00,0.00,Commelina,Brachiaria,Detritus,0,0,0,3,0,0.00,NA,NA,NA,0,0,NA,0.00,NA,NA,NA,0,0,NA,0.00,0.00,0,0.00,0,0.00,0.00,0,0,0,0,1,1,0.07
S.7.16,17,KAD-ATK-N-0807-17,Volta,0.50963,7.75737,8,2007,Survey,N,Ghana,Volta,Kadjebi,Ata Kofi,stream,lotic,nature,M,N,N,0,0,0,0,NA,0,Lithosols_Orthic Ac,25.3,97.1,93.4,57.3,6.5,6.9,73.0,80.9,73,6.353,7.5,36,51.4,9.2,6.7,9.6,1.9,2.87,6,9.53,1.08,0.04,0.03,1.81,32,42,24,8,51.2,NA,0.002,0.0025,5,0,0.00,5,0,0,NA,0.00,0,0,NA,0.00,5,0,0.00,5,0,0,NA,0.00,0,0,NA,0.00,Struchium,Brachiaria,Detritus,0,0,0,3,0,0.00,NA,NA,NA,0,0,NA,0.00,NA,NA,NA,0,0,NA,0.00,0.00,0,0.00,0,0.00,0.00,0,0,0,0,0,0,0.00
S.7.17,18,KPA-GBE-N-0807-18,Volta,0.37607,7.00388,8,2007,Survey,N,Ghana,Volta,Kpandu,Gbefi,river,lentic,nature,M,N,N,0,0,0,0,NA,0,Ferric Luvisols,25.2,46.0,44.3,93.0,6.7,7.1,119.6,15.4,14.8,1.115,5,12,24.4,4.7,1.7,4,1.9,2.9,4,1,0.128,0.018,0.033,0.974,18,20,10,8,24.4,NA,0.0005,0.0025,5,0,0.00,5,0,0,NA,0.00,0,0,NA,0.00,5,0,0.00,5,0,0,NA,0.00,0,0,NA,0.00,Commelina,Pentadon,Detritus,0,0,0,3,0,0.00,NA,NA,NA,0,0,NA,0.00,NA,NA,NA,0,0,NA,0.00,0.00,0,0.00,0,0.00,0.00,0,0,0,0,0,0,0.00
S.7.18,19,JAS-NKA-N-0807-19,Volta,0.32118,7.08944,8,2007,Survey,N,Ghana,Volta,Jasikan,Nkonya Asakyiri,fetch,lentic,nature,N,N,N,0,0,0,0,NA,0,Lithosols_Orthic Ac,26.4,36.8,32.0,52.4,5.3,6.2,223.1,61.6,68.5,2.801,5,30,17.6,1.4,2.9,1.6,1.9,1.17,2,1,0.066,0.011,0.052,1.43,12,14,4,8,17.1,NA,0.0005,0.0025,5,0,0.00,5,0,0,NA,0.00,0,0,NA,0.00,5,0,0.00,5,0,0,NA,0.00,0,0,NA,0.00,Potomogetan,Potomogetan,Detritus,0,0,0,3,0,0.00,NA,NA,NA,0,0,NA,0.00,NA,NA,NA,0,0,NA,0.00,0.00,0,0.00,0,0.00,0.00,0,0,0,0,0,0,0.00
S.7.19,20,KPA-ANG-N-0807-20,Volta,0.279,6.8698,8,2007,Survey,N,Ghana,Volta,Kpandu,Anfoega Gblenkor,fetch,lentic,nature,N,N,N,0,0,0,0,NA,0,Ferric Luvisols,24.9,65.0,61.8,5.9,5.2,6.0,185.8,73.7,74.9,4.083,7.5,26,34,9.7,2.1,4,1.5,2.29,7.9,5.2,0.382,0.028,0.027,1.02,16,22,10,6,26.8,NA,0.002,0.0025,5,0,0.00,5,0,0,NA,0.00,0,0,NA,0.00,5,0,0.00,5,0,0,NA,0.00,0,0,NA,0.00,Brachiaria,Commelina,Detritus,0,0,0,3,0,0.00,NA,NA,NA,0,0,NA,0.00,NA,NA,NA,0,0,NA,0.00,0.00,0,0.00,0,0.00,0.00,0,0,0,0,0,0,0.00
